{"cameraMode":{"drawMode":0,"name":"Shaded","section":"Shading Mode"},"sceneLighting":false,"audioPlay":false,"sceneViewState":{"m_AlwaysRefresh":false,"showFog":true,"showSkybox":false,"showFlares":true,"showImageEffects":true,"showParticleSystems":true,"showVisualEffectGraphs":true,"m_FxEnabled":false},"in2DMode":false,"pivot":{"x":-22.354360580444337,"y":-1.0613031387329102,"z":-20.825775146484376},"rotation":{"x":-0.0006688404246233404,"y":-0.9386325478553772,"z":0.024783698841929437,"w":0.34490442276000979},"size":20.639766693115236,"orthographic":false}