{"cameraMode":{"drawMode":0,"name":"Shaded","section":"Shading Mode"},"sceneLighting":false,"audioPlay":false,"sceneViewState":{"m_AlwaysRefresh":false,"showFog":true,"showSkybox":false,"showFlares":true,"showImageEffects":true,"showParticleSystems":true,"showVisualEffectGraphs":true,"m_FxEnabled":false},"in2DMode":false,"pivot":{"x":539.4176635742188,"y":959.3822631835938,"z":0.09317648410797119},"rotation":{"x":-0.2391526848077774,"y":0.055556345731019977,"z":0.002419555326923728,"w":-0.9695740342140198},"size":1102.278076171875,"orthographic":false}