{"cameraMode":{"drawMode":0,"name":"Shaded","section":"Shading Mode"},"sceneLighting":false,"audioPlay":false,"sceneViewState":{"m_AlwaysRefresh":false,"showFog":true,"showSkybox":false,"showFlares":true,"showImageEffects":true,"showParticleSystems":true,"showVisualEffectGraphs":true,"m_FxEnabled":false},"in2DMode":false,"pivot":{"x":0.20964373648166657,"y":0.9231931567192078,"z":-0.4064858555793762},"rotation":{"x":-0.5866112112998962,"y":0.12876813113689423,"z":-0.09511980414390564,"w":-0.7939730882644653},"size":0.00920454878360033,"orthographic":false}