{"cameraMode":{"drawMode":0,"name":"Shaded","section":"Shading Mode"},"sceneLighting":false,"audioPlay":false,"sceneViewState":{"m_AlwaysRefresh":false,"showFog":true,"showSkybox":false,"showFlares":true,"showImageEffects":true,"showParticleSystems":true,"showVisualEffectGraphs":true,"m_FxEnabled":false},"in2DMode":false,"pivot":{"x":25.609222412109376,"y":-1.8214967250823975,"z":67.58434295654297},"rotation":{"x":0.020092157647013665,"y":0.45368558168411257,"z":-0.010122819803655148,"w":0.8909252285957336},"size":19.23623275756836,"orthographic":false}