{"cameraMode":{"drawMode":0,"name":"Shaded","section":"Shading Mode"},"sceneLighting":false,"audioPlay":false,"sceneViewState":{"m_AlwaysRefresh":false,"showFog":true,"showSkybox":false,"showFlares":true,"showImageEffects":true,"showParticleSystems":true,"showVisualEffectGraphs":true,"m_FxEnabled":false},"in2DMode":false,"pivot":{"x":-5.146937370300293,"y":1.8239614963531495,"z":-1.9621466398239136},"rotation":{"x":0.07168418914079666,"y":-0.08368419855833054,"z":0.0060355509631335739,"w":0.9938932657241821},"size":8.525839805603028,"orthographic":false}